{
  "height": 111.37637028014616,
  "tabOrder": 1000,
  "width": 260.462850182704,
  "x": 419.19610231425094,
  "y": 499.00121802679661,
  "z": 1000
}