{
  "height": 326.23629719853841,
  "tabOrder": 1000,
  "width": 705.96833130328866,
  "x": 270.10962241169307,
  "y": 197.32034104750306,
  "z": 0
}