{
  "height": 83.3130328867235,
  "width": 520.04872107186361,
  "x": 331.49817295980512,
  "y": 85.943970767356888,
  "z": 1000
}